caseNumber,url,city,depCode,regionCode,countryCode,dateTime,postTime,classification
2010-01-02498,https://geipan.fr/fr/cas/2010-01-02498?field_agregation_index_value=&field_date_d_observation_value%5Bmax%5D=1977%2F03%2F31&field_date_d_observation_value%5Bmin%5D=1977%2F03%2F01&field_departement_target_id=&field_document_existe_ou_pas_value=All&field_latitude_value%5Bmax%5D=&field_latitude_value%5Bmin%5D=&field_longitude_value%5Bmax%5D=&field_longitude_value%5Bmin%5D=&field_phenomene_target_id=&field_type_de_cas_target_id=All&select-category-export=nothing2010-01-02498,TAVERNY,95,,,2010-01-04,2014-11-06,D1
2010-01-02499,https://geipan.fr/fr/cas/2010-01-02499?field_agregation_index_value=&field_date_d_observation_value%5Bmax%5D=1977%2F03%2F31&field_date_d_observation_value%5Bmin%5D=1977%2F03%2F01&field_departement_target_id=&field_document_existe_ou_pas_value=All&field_latitude_value%5Bmax%5D=&field_latitude_value%5Bmin%5D=&field_longitude_value%5Bmax%5D=&field_longitude_value%5Bmin%5D=&field_phenomene_target_id=&field_type_de_cas_target_id=All&select-category-export=nothing2010-01-02499,[A4] de STRASBOURG (67) vers HAGUENAU,67,,,2010-01-06,2011-05-19,C
2010-01-02502,https://geipan.fr/fr/cas/2010-01-02502?field_agregation_index_value=&field_date_d_observation_value%5Bmax%5D=1977%2F03%2F31&field_date_d_observation_value%5Bmin%5D=1977%2F03%2F01&field_departement_target_id=&field_document_existe_ou_pas_value=All&field_latitude_value%5Bmax%5D=&field_latitude_value%5Bmin%5D=&field_longitude_value%5Bmax%5D=&field_longitude_value%5Bmin%5D=&field_phenomene_target_id=&field_type_de_cas_target_id=All&select-category-export=nothing2010-01-02502,[N2] de SAINTE-MARIE (974) vers SAINT-DENIS,974,,,2010-01-06,2013-03-29,B
2010-01-02518,https://geipan.fr/fr/cas/2010-01-02518?field_agregation_index_value=&field_date_d_observation_value%5Bmax%5D=1977%2F03%2F31&field_date_d_observation_value%5Bmin%5D=1977%2F03%2F01&field_departement_target_id=&field_document_existe_ou_pas_value=All&field_latitude_value%5Bmax%5D=&field_latitude_value%5Bmin%5D=&field_longitude_value%5Bmax%5D=&field_longitude_value%5Bmin%5D=&field_phenomene_target_id=&field_type_de_cas_target_id=All&select-category-export=nothing2010-01-02518,LAHAS,32,,,2010-01-20,2011-05-27,C
2010-01-02520,https://geipan.fr/fr/cas/2010-01-02520?field_agregation_index_value=&field_date_d_observation_value%5Bmax%5D=1977%2F03%2F31&field_date_d_observation_value%5Bmin%5D=1977%2F03%2F01&field_departement_target_id=&field_document_existe_ou_pas_value=All&field_latitude_value%5Bmax%5D=&field_latitude_value%5Bmin%5D=&field_longitude_value%5Bmax%5D=&field_longitude_value%5Bmin%5D=&field_phenomene_target_id=&field_type_de_cas_target_id=All&select-category-export=nothing2010-01-02520,EYSINES,33,,,2010-01-13,2010-04-02,A
2010-01-02529,https://geipan.fr/fr/cas/2010-01-02529?field_agregation_index_value=&field_date_d_observation_value%5Bmax%5D=1977%2F03%2F31&field_date_d_observation_value%5Bmin%5D=1977%2F03%2F01&field_departement_target_id=&field_document_existe_ou_pas_value=All&field_latitude_value%5Bmax%5D=&field_latitude_value%5Bmin%5D=&field_longitude_value%5Bmax%5D=&field_longitude_value%5Bmin%5D=&field_phenomene_target_id=&field_type_de_cas_target_id=All&select-category-export=nothing2010-01-02529,ILE D'OLERON,17,,,2010-01-01,2018-03-07,A
2010-01-02534,https://geipan.fr/fr/cas/2010-01-02534?field_agregation_index_value=&field_date_d_observation_value%5Bmax%5D=1977%2F03%2F31&field_date_d_observation_value%5Bmin%5D=1977%2F03%2F01&field_departement_target_id=&field_document_existe_ou_pas_value=All&field_latitude_value%5Bmax%5D=&field_latitude_value%5Bmin%5D=&field_longitude_value%5Bmax%5D=&field_longitude_value%5Bmin%5D=&field_phenomene_target_id=&field_type_de_cas_target_id=All&select-category-export=nothing2010-01-02534,LORIENT,56,,,2010-01-03,2010-09-22,B
2010-01-02559,https://geipan.fr/fr/cas/2010-01-02559?field_agregation_index_value=&field_date_d_observation_value%5Bmax%5D=1977%2F03%2F31&field_date_d_observation_value%5Bmin%5D=1977%2F03%2F01&field_departement_target_id=&field_document_existe_ou_pas_value=All&field_latitude_value%5Bmax%5D=&field_latitude_value%5Bmin%5D=&field_longitude_value%5Bmax%5D=&field_longitude_value%5Bmin%5D=&field_phenomene_target_id=&field_type_de_cas_target_id=All&select-category-export=nothing2010-01-02559,[N524] de EAUZE (32) vers CAZAUBON,32,,,2010-01-21,2018-09-11,C
2010-01-02567,https://geipan.fr/fr/cas/2010-01-02567?field_agregation_index_value=&field_date_d_observation_value%5Bmax%5D=1977%2F03%2F31&field_date_d_observation_value%5Bmin%5D=1977%2F03%2F01&field_departement_target_id=&field_document_existe_ou_pas_value=All&field_latitude_value%5Bmax%5D=&field_latitude_value%5Bmin%5D=&field_longitude_value%5Bmax%5D=&field_longitude_value%5Bmin%5D=&field_phenomene_target_id=&field_type_de_cas_target_id=All&select-category-export=nothing2010-01-02567,SAINT-FRANCOIS-LONGCHAMP,73,,,2010-01-21,2013-01-24,B
2010-01-02571,https://geipan.fr/fr/cas/2010-01-02571?field_agregation_index_value=&field_date_d_observation_value%5Bmax%5D=1977%2F03%2F31&field_date_d_observation_value%5Bmin%5D=1977%2F03%2F01&field_departement_target_id=&field_document_existe_ou_pas_value=All&field_latitude_value%5Bmax%5D=&field_latitude_value%5Bmin%5D=&field_longitude_value%5Bmax%5D=&field_longitude_value%5Bmin%5D=&field_phenomene_target_id=&field_type_de_cas_target_id=All&select-category-export=nothing2010-01-02571,SAINT-GERMAIN-DU-PUCH,33,,,2010-01-01,2013-03-29,B
2010-01-02585,https://geipan.fr/fr/cas/2010-01-02585?field_agregation_index_value=&field_date_d_observation_value%5Bmax%5D=1977%2F03%2F31&field_date_d_observation_value%5Bmin%5D=1977%2F03%2F01&field_departement_target_id=&field_document_existe_ou_pas_value=All&field_latitude_value%5Bmax%5D=&field_latitude_value%5Bmin%5D=&field_longitude_value%5Bmax%5D=&field_longitude_value%5Bmin%5D=&field_phenomene_target_id=&field_type_de_cas_target_id=All&select-category-export=nothing2010-01-02585,[A4] de REICHSTETT (67) vers STRASBOURG,08,,,2010-01-16,2013-03-21,B
2010-02-02524,https://geipan.fr/fr/cas/2010-02-02524?field_agregation_index_value=&field_date_d_observation_value%5Bmax%5D=1977%2F03%2F31&field_date_d_observation_value%5Bmin%5D=1977%2F03%2F01&field_departement_target_id=&field_document_existe_ou_pas_value=All&field_latitude_value%5Bmax%5D=&field_latitude_value%5Bmin%5D=&field_longitude_value%5Bmax%5D=&field_longitude_value%5Bmin%5D=&field_phenomene_target_id=&field_type_de_cas_target_id=All&select-category-export=nothing2010-02-02524,FORT-DE-FRANCE,972,,,2010-02-07,2012-02-02,C
2010-02-02526,https://geipan.fr/fr/cas/2010-02-02526?field_agregation_index_value=&field_date_d_observation_value%5Bmax%5D=1977%2F03%2F31&field_date_d_observation_value%5Bmin%5D=1977%2F03%2F01&field_departement_target_id=&field_document_existe_ou_pas_value=All&field_latitude_value%5Bmax%5D=&field_latitude_value%5Bmin%5D=&field_longitude_value%5Bmax%5D=&field_longitude_value%5Bmin%5D=&field_phenomene_target_id=&field_type_de_cas_target_id=All&select-category-export=nothing2010-02-02526,LANTERNES,56,,,2010-02-14,2013-02-19,B
2010-02-02533,https://geipan.fr/fr/cas/2010-02-02533?field_agregation_index_value=&field_date_d_observation_value%5Bmax%5D=1977%2F03%2F31&field_date_d_observation_value%5Bmin%5D=1977%2F03%2F01&field_departement_target_id=&field_document_existe_ou_pas_value=All&field_latitude_value%5Bmax%5D=&field_latitude_value%5Bmin%5D=&field_longitude_value%5Bmax%5D=&field_longitude_value%5Bmin%5D=&field_phenomene_target_id=&field_type_de_cas_target_id=All&select-category-export=nothing2010-02-02533,COULOUNIEIX-CHAMIERS,24,,,2010-02-22,2010-12-15,A
2010-02-02539,https://geipan.fr/fr/cas/2010-02-02539?field_agregation_index_value=&field_date_d_observation_value%5Bmax%5D=1977%2F03%2F31&field_date_d_observation_value%5Bmin%5D=1977%2F03%2F01&field_departement_target_id=&field_document_existe_ou_pas_value=All&field_latitude_value%5Bmax%5D=&field_latitude_value%5Bmin%5D=&field_longitude_value%5Bmax%5D=&field_longitude_value%5Bmin%5D=&field_phenomene_target_id=&field_type_de_cas_target_id=All&select-category-export=nothing2010-02-02539,BAUD,56,,,2010-02-11,2011-05-19,B
2010-02-02547,https://geipan.fr/fr/cas/2010-02-02547?field_agregation_index_value=&field_date_d_observation_value%5Bmax%5D=1977%2F03%2F31&field_date_d_observation_value%5Bmin%5D=1977%2F03%2F01&field_departement_target_id=&field_document_existe_ou_pas_value=All&field_latitude_value%5Bmax%5D=&field_latitude_value%5Bmin%5D=&field_longitude_value%5Bmax%5D=&field_longitude_value%5Bmin%5D=&field_phenomene_target_id=&field_type_de_cas_target_id=All&select-category-export=nothing2010-02-02547,MILLERY,54,,,2010-02-27,2011-05-19,A
2010-02-02548,https://geipan.fr/fr/cas/2010-02-02548?field_agregation_index_value=&field_date_d_observation_value%5Bmax%5D=1977%2F03%2F31&field_date_d_observation_value%5Bmin%5D=1977%2F03%2F01&field_departement_target_id=&field_document_existe_ou_pas_value=All&field_latitude_value%5Bmax%5D=&field_latitude_value%5Bmin%5D=&field_longitude_value%5Bmax%5D=&field_longitude_value%5Bmin%5D=&field_phenomene_target_id=&field_type_de_cas_target_id=All&select-category-export=nothing2010-02-02548,ELNE,66,,,2010-02-28,2012-07-26,B
2010-02-02591,https://geipan.fr/fr/cas/2010-02-02591?field_agregation_index_value=&field_date_d_observation_value%5Bmax%5D=1977%2F03%2F31&field_date_d_observation_value%5Bmin%5D=1977%2F03%2F01&field_departement_target_id=&field_document_existe_ou_pas_value=All&field_latitude_value%5Bmax%5D=&field_latitude_value%5Bmin%5D=&field_longitude_value%5Bmax%5D=&field_longitude_value%5Bmin%5D=&field_phenomene_target_id=&field_type_de_cas_target_id=All&select-category-export=nothing2010-02-02591,SATILLIEU,07,,,2010-02-03,2013-03-29,B
2010-03-02536,https://geipan.fr/fr/cas/2010-03-02536?field_agregation_index_value=&field_date_d_observation_value%5Bmax%5D=1977%2F03%2F31&field_date_d_observation_value%5Bmin%5D=1977%2F03%2F01&field_departement_target_id=&field_document_existe_ou_pas_value=All&field_latitude_value%5Bmax%5D=&field_latitude_value%5Bmin%5D=&field_longitude_value%5Bmax%5D=&field_longitude_value%5Bmin%5D=&field_phenomene_target_id=&field_type_de_cas_target_id=All&select-category-export=nothing2010-03-02536,[D115] de PIERRE-CHATEL (38) vers MOTTE-D'AVEILLANS (LA),38,,,2010-03-06,2010-04-23,A
2010-03-02540,https://geipan.fr/fr/cas/2010-03-02540?field_agregation_index_value=&field_date_d_observation_value%5Bmax%5D=1977%2F03%2F31&field_date_d_observation_value%5Bmin%5D=1977%2F03%2F01&field_departement_target_id=&field_document_existe_ou_pas_value=All&field_latitude_value%5Bmax%5D=&field_latitude_value%5Bmin%5D=&field_longitude_value%5Bmax%5D=&field_longitude_value%5Bmin%5D=&field_phenomene_target_id=&field_type_de_cas_target_id=All&select-category-export=nothing2010-03-02540,[D8] de VALENTINE (31) vers MARTRES-DE-RIVIERE,31,,,2010-03-17,2010-04-20,C
2010-03-02541,https://geipan.fr/fr/cas/2010-03-02541?field_agregation_index_value=&field_date_d_observation_value%5Bmax%5D=1977%2F03%2F31&field_date_d_observation_value%5Bmin%5D=1977%2F03%2F01&field_departement_target_id=&field_document_existe_ou_pas_value=All&field_latitude_value%5Bmax%5D=&field_latitude_value%5Bmin%5D=&field_longitude_value%5Bmax%5D=&field_longitude_value%5Bmin%5D=&field_phenomene_target_id=&field_type_de_cas_target_id=All&select-category-export=nothing2010-03-02541,[D613] de MEZE (34) vers BOUZIGUES,34,,,2010-03-11,2011-05-19,C
2010-03-02545,https://geipan.fr/fr/cas/2010-03-02545?field_agregation_index_value=&field_date_d_observation_value%5Bmax%5D=1977%2F03%2F31&field_date_d_observation_value%5Bmin%5D=1977%2F03%2F01&field_departement_target_id=&field_document_existe_ou_pas_value=All&field_latitude_value%5Bmax%5D=&field_latitude_value%5Bmin%5D=&field_longitude_value%5Bmax%5D=&field_longitude_value%5Bmin%5D=&field_phenomene_target_id=&field_type_de_cas_target_id=All&select-category-export=nothing2010-03-02545,FAMECK,57,,,2010-03-31,2014-09-02,C
2010-03-02546,https://geipan.fr/fr/cas/2010-03-02546?field_agregation_index_value=&field_date_d_observation_value%5Bmax%5D=1977%2F03%2F31&field_date_d_observation_value%5Bmin%5D=1977%2F03%2F01&field_departement_target_id=&field_document_existe_ou_pas_value=All&field_latitude_value%5Bmax%5D=&field_latitude_value%5Bmin%5D=&field_longitude_value%5Bmax%5D=&field_longitude_value%5Bmin%5D=&field_phenomene_target_id=&field_type_de_cas_target_id=All&select-category-export=nothing2010-03-02546,ROSHEIM,67,,,2010-03-04,2010-09-09,B
2010-03-02554,https://geipan.fr/fr/cas/2010-03-02554?field_agregation_index_value=&field_date_d_observation_value%5Bmax%5D=1977%2F03%2F31&field_date_d_observation_value%5Bmin%5D=1977%2F03%2F01&field_departement_target_id=&field_document_existe_ou_pas_value=All&field_latitude_value%5Bmax%5D=&field_latitude_value%5Bmin%5D=&field_longitude_value%5Bmax%5D=&field_longitude_value%5Bmin%5D=&field_phenomene_target_id=&field_type_de_cas_target_id=All&select-category-export=nothing2010-03-02554,BERRIAS-ET-CASTELJAU,07,,,2010-03-30,2013-06-03,C
2010-03-02558,https://geipan.fr/fr/cas/2010-03-02558?field_agregation_index_value=&field_date_d_observation_value%5Bmax%5D=1977%2F03%2F31&field_date_d_observation_value%5Bmin%5D=1977%2F03%2F01&field_departement_target_id=&field_document_existe_ou_pas_value=All&field_latitude_value%5Bmax%5D=&field_latitude_value%5Bmin%5D=&field_longitude_value%5Bmax%5D=&field_longitude_value%5Bmin%5D=&field_phenomene_target_id=&field_type_de_cas_target_id=All&select-category-export=nothing2010-03-02558,CHECY,45,,,2010-03-15,2011-05-19,B
2010-03-02580,https://geipan.fr/fr/cas/2010-03-02580?field_agregation_index_value=&field_date_d_observation_value%5Bmax%5D=1977%2F03%2F31&field_date_d_observation_value%5Bmin%5D=1977%2F03%2F01&field_departement_target_id=&field_document_existe_ou_pas_value=All&field_latitude_value%5Bmax%5D=&field_latitude_value%5Bmin%5D=&field_longitude_value%5Bmax%5D=&field_longitude_value%5Bmin%5D=&field_phenomene_target_id=&field_type_de_cas_target_id=All&select-category-export=nothing2010-03-02580,FORGES (LES),88,,,2010-03-27,2010-10-08,B
2010-04-02551,https://geipan.fr/fr/cas/2010-04-02551?field_agregation_index_value=&field_date_d_observation_value%5Bmax%5D=1977%2F03%2F31&field_date_d_observation_value%5Bmin%5D=1977%2F03%2F01&field_departement_target_id=&field_document_existe_ou_pas_value=All&field_latitude_value%5Bmax%5D=&field_latitude_value%5Bmin%5D=&field_longitude_value%5Bmax%5D=&field_longitude_value%5Bmin%5D=&field_phenomene_target_id=&field_type_de_cas_target_id=All&select-category-export=nothing2010-04-02551,ESCOURCE,40,,,2010-04-14,2011-05-19,A
2010-04-02552,https://geipan.fr/fr/cas/2010-04-02552?field_agregation_index_value=&field_date_d_observation_value%5Bmax%5D=1977%2F03%2F31&field_date_d_observation_value%5Bmin%5D=1977%2F03%2F01&field_departement_target_id=&field_document_existe_ou_pas_value=All&field_latitude_value%5Bmax%5D=&field_latitude_value%5Bmin%5D=&field_longitude_value%5Bmax%5D=&field_longitude_value%5Bmin%5D=&field_phenomene_target_id=&field_type_de_cas_target_id=All&select-category-export=nothing2010-04-02552,BORDEAUX,33,,,2010-04-05,2017-08-29,C
2010-04-02555,https://geipan.fr/fr/cas/2010-04-02555?field_agregation_index_value=&field_date_d_observation_value%5Bmax%5D=1977%2F03%2F31&field_date_d_observation_value%5Bmin%5D=1977%2F03%2F01&field_departement_target_id=&field_document_existe_ou_pas_value=All&field_latitude_value%5Bmax%5D=&field_latitude_value%5Bmin%5D=&field_longitude_value%5Bmax%5D=&field_longitude_value%5Bmin%5D=&field_phenomene_target_id=&field_type_de_cas_target_id=All&select-category-export=nothing2010-04-02555,ORTAFFA,66,,,2010-04-09,2011-05-19,C
2010-04-02556,https://geipan.fr/fr/cas/2010-04-02556?field_agregation_index_value=&field_date_d_observation_value%5Bmax%5D=1977%2F03%2F31&field_date_d_observation_value%5Bmin%5D=1977%2F03%2F01&field_departement_target_id=&field_document_existe_ou_pas_value=All&field_latitude_value%5Bmax%5D=&field_latitude_value%5Bmin%5D=&field_longitude_value%5Bmax%5D=&field_longitude_value%5Bmin%5D=&field_phenomene_target_id=&field_type_de_cas_target_id=All&select-category-export=nothing2010-04-02556,NICE,06,,,2010-04-14,2011-05-19,C
2010-04-02560,https://geipan.fr/fr/cas/2010-04-02560?field_agregation_index_value=&field_date_d_observation_value%5Bmax%5D=1977%2F03%2F31&field_date_d_observation_value%5Bmin%5D=1977%2F03%2F01&field_departement_target_id=&field_document_existe_ou_pas_value=All&field_latitude_value%5Bmax%5D=&field_latitude_value%5Bmin%5D=&field_longitude_value%5Bmax%5D=&field_longitude_value%5Bmin%5D=&field_phenomene_target_id=&field_type_de_cas_target_id=All&select-category-export=nothing2010-04-02560,BOURG-EN-BRESSE,01,,,2010-04-17,2011-05-19,B
2010-04-02561,https://geipan.fr/fr/cas/2010-04-02561?field_agregation_index_value=&field_date_d_observation_value%5Bmax%5D=1977%2F03%2F31&field_date_d_observation_value%5Bmin%5D=1977%2F03%2F01&field_departement_target_id=&field_document_existe_ou_pas_value=All&field_latitude_value%5Bmax%5D=&field_latitude_value%5Bmin%5D=&field_longitude_value%5Bmax%5D=&field_longitude_value%5Bmin%5D=&field_phenomene_target_id=&field_type_de_cas_target_id=All&select-category-export=nothing2010-04-02561,"[AERO 2xRYR, RAM, EIN] BORDEAUX",33,,,2010-04-14,2015-01-30,B
2010-04-02563,https://geipan.fr/fr/cas/2010-04-02563?field_agregation_index_value=&field_date_d_observation_value%5Bmax%5D=1977%2F03%2F31&field_date_d_observation_value%5Bmin%5D=1977%2F03%2F01&field_departement_target_id=&field_document_existe_ou_pas_value=All&field_latitude_value%5Bmax%5D=&field_latitude_value%5Bmin%5D=&field_longitude_value%5Bmax%5D=&field_longitude_value%5Bmin%5D=&field_phenomene_target_id=&field_type_de_cas_target_id=All&select-category-export=nothing2010-04-02563,ROUFFACH,68,,,2010-04-10,2013-03-25,B
2010-04-02566,https://geipan.fr/fr/cas/2010-04-02566?field_agregation_index_value=&field_date_d_observation_value%5Bmax%5D=1977%2F03%2F31&field_date_d_observation_value%5Bmin%5D=1977%2F03%2F01&field_departement_target_id=&field_document_existe_ou_pas_value=All&field_latitude_value%5Bmax%5D=&field_latitude_value%5Bmin%5D=&field_longitude_value%5Bmax%5D=&field_longitude_value%5Bmin%5D=&field_phenomene_target_id=&field_type_de_cas_target_id=All&select-category-export=nothing2010-04-02566,OUESSANT,29,,,2010-04-29,2011-05-19,A
2010-04-02616,https://geipan.fr/fr/cas/2010-04-02616?field_agregation_index_value=&field_date_d_observation_value%5Bmax%5D=1977%2F03%2F31&field_date_d_observation_value%5Bmin%5D=1977%2F03%2F01&field_departement_target_id=&field_document_existe_ou_pas_value=All&field_latitude_value%5Bmax%5D=&field_latitude_value%5Bmin%5D=&field_longitude_value%5Bmax%5D=&field_longitude_value%5Bmin%5D=&field_phenomene_target_id=&field_type_de_cas_target_id=All&select-category-export=nothing2010-04-02616,SAINT-ALBAN-LEYSSE,73,,,2010-04-24,2011-11-28,B
2010-04-02719,https://geipan.fr/fr/cas/2010-04-02719?field_agregation_index_value=&field_date_d_observation_value%5Bmax%5D=1977%2F03%2F31&field_date_d_observation_value%5Bmin%5D=1977%2F03%2F01&field_departement_target_id=&field_document_existe_ou_pas_value=All&field_latitude_value%5Bmax%5D=&field_latitude_value%5Bmin%5D=&field_longitude_value%5Bmax%5D=&field_longitude_value%5Bmin%5D=&field_phenomene_target_id=&field_type_de_cas_target_id=All&select-category-export=nothing2010-04-02719,GAREIN,40,,,2010-04-07,2011-05-18,A
2010-04-02831,https://geipan.fr/fr/cas/2010-04-02831?field_agregation_index_value=&field_date_d_observation_value%5Bmax%5D=1977%2F03%2F31&field_date_d_observation_value%5Bmin%5D=1977%2F03%2F01&field_departement_target_id=&field_document_existe_ou_pas_value=All&field_latitude_value%5Bmax%5D=&field_latitude_value%5Bmin%5D=&field_longitude_value%5Bmax%5D=&field_longitude_value%5Bmin%5D=&field_phenomene_target_id=&field_type_de_cas_target_id=All&select-category-export=nothing2010-04-02831,MENTON,06,,,2010-04-10,2012-06-14,A
2010-05-02562,https://geipan.fr/fr/cas/2010-05-02562?field_agregation_index_value=&field_date_d_observation_value%5Bmax%5D=1977%2F03%2F31&field_date_d_observation_value%5Bmin%5D=1977%2F03%2F01&field_departement_target_id=&field_document_existe_ou_pas_value=All&field_latitude_value%5Bmax%5D=&field_latitude_value%5Bmin%5D=&field_longitude_value%5Bmax%5D=&field_longitude_value%5Bmin%5D=&field_phenomene_target_id=&field_type_de_cas_target_id=All&select-category-export=nothing2010-05-02562,FAVIERES,54,,,2010-05-02,2011-05-19,B
2010-05-02564,https://geipan.fr/fr/cas/2010-05-02564?field_agregation_index_value=&field_date_d_observation_value%5Bmax%5D=1977%2F03%2F31&field_date_d_observation_value%5Bmin%5D=1977%2F03%2F01&field_departement_target_id=&field_document_existe_ou_pas_value=All&field_latitude_value%5Bmax%5D=&field_latitude_value%5Bmin%5D=&field_longitude_value%5Bmax%5D=&field_longitude_value%5Bmin%5D=&field_phenomene_target_id=&field_type_de_cas_target_id=All&select-category-export=nothing2010-05-02564,COURONNE (LA),16,,,2010-05-06,2016-12-13,C
2010-05-02568,https://geipan.fr/fr/cas/2010-05-02568?field_agregation_index_value=&field_date_d_observation_value%5Bmax%5D=1977%2F03%2F31&field_date_d_observation_value%5Bmin%5D=1977%2F03%2F01&field_departement_target_id=&field_document_existe_ou_pas_value=All&field_latitude_value%5Bmax%5D=&field_latitude_value%5Bmin%5D=&field_longitude_value%5Bmax%5D=&field_longitude_value%5Bmin%5D=&field_phenomene_target_id=&field_type_de_cas_target_id=All&select-category-export=nothing2010-05-02568,SALLANCHES,74,,,2010-05-01,2012-07-24,B
2010-05-02572,https://geipan.fr/fr/cas/2010-05-02572?field_agregation_index_value=&field_date_d_observation_value%5Bmax%5D=1977%2F03%2F31&field_date_d_observation_value%5Bmin%5D=1977%2F03%2F01&field_departement_target_id=&field_document_existe_ou_pas_value=All&field_latitude_value%5Bmax%5D=&field_latitude_value%5Bmin%5D=&field_longitude_value%5Bmax%5D=&field_longitude_value%5Bmin%5D=&field_phenomene_target_id=&field_type_de_cas_target_id=All&select-category-export=nothing2010-05-02572,MONCEAUX-SUR-DORDOGNE,19,,,2010-05-22,2011-09-06,B
2010-05-02576,https://geipan.fr/fr/cas/2010-05-02576?field_agregation_index_value=&field_date_d_observation_value%5Bmax%5D=1977%2F03%2F31&field_date_d_observation_value%5Bmin%5D=1977%2F03%2F01&field_departement_target_id=&field_document_existe_ou_pas_value=All&field_latitude_value%5Bmax%5D=&field_latitude_value%5Bmin%5D=&field_longitude_value%5Bmax%5D=&field_longitude_value%5Bmin%5D=&field_phenomene_target_id=&field_type_de_cas_target_id=All&select-category-export=nothing2010-05-02576,MARESCHES,59,,,2010-05-31,2011-05-19,C
2010-05-02582,https://geipan.fr/fr/cas/2010-05-02582?field_agregation_index_value=&field_date_d_observation_value%5Bmax%5D=1977%2F03%2F31&field_date_d_observation_value%5Bmin%5D=1977%2F03%2F01&field_departement_target_id=&field_document_existe_ou_pas_value=All&field_latitude_value%5Bmax%5D=&field_latitude_value%5Bmin%5D=&field_longitude_value%5Bmax%5D=&field_longitude_value%5Bmin%5D=&field_phenomene_target_id=&field_type_de_cas_target_id=All&select-category-export=nothing2010-05-02582,PARIS,75,,,2010-05-23,2013-12-11,C
2010-05-02583,https://geipan.fr/fr/cas/2010-05-02583?field_agregation_index_value=&field_date_d_observation_value%5Bmax%5D=1977%2F03%2F31&field_date_d_observation_value%5Bmin%5D=1977%2F03%2F01&field_departement_target_id=&field_document_existe_ou_pas_value=All&field_latitude_value%5Bmax%5D=&field_latitude_value%5Bmin%5D=&field_longitude_value%5Bmax%5D=&field_longitude_value%5Bmin%5D=&field_phenomene_target_id=&field_type_de_cas_target_id=All&select-category-export=nothing2010-05-02583,BEYNES,78,,,2010-05-24,2013-02-11,A
2010-05-02615,https://geipan.fr/fr/cas/2010-05-02615?field_agregation_index_value=&field_date_d_observation_value%5Bmax%5D=1977%2F03%2F31&field_date_d_observation_value%5Bmin%5D=1977%2F03%2F01&field_departement_target_id=&field_document_existe_ou_pas_value=All&field_latitude_value%5Bmax%5D=&field_latitude_value%5Bmin%5D=&field_longitude_value%5Bmax%5D=&field_longitude_value%5Bmin%5D=&field_phenomene_target_id=&field_type_de_cas_target_id=All&select-category-export=nothing2010-05-02615,AUBERVILLE-LA-RENAULT,76,,,2010-05-23,2011-05-26,B
2010-05-02625,https://geipan.fr/fr/cas/2010-05-02625?field_agregation_index_value=&field_date_d_observation_value%5Bmax%5D=1977%2F03%2F31&field_date_d_observation_value%5Bmin%5D=1977%2F03%2F01&field_departement_target_id=&field_document_existe_ou_pas_value=All&field_latitude_value%5Bmax%5D=&field_latitude_value%5Bmin%5D=&field_longitude_value%5Bmax%5D=&field_longitude_value%5Bmin%5D=&field_phenomene_target_id=&field_type_de_cas_target_id=All&select-category-export=nothing2010-05-02625,NANCY,54,,,2010-05-21,2012-12-19,A
2010-05-02672,https://geipan.fr/fr/cas/2010-05-02672?field_agregation_index_value=&field_date_d_observation_value%5Bmax%5D=1977%2F03%2F31&field_date_d_observation_value%5Bmin%5D=1977%2F03%2F01&field_departement_target_id=&field_document_existe_ou_pas_value=All&field_latitude_value%5Bmax%5D=&field_latitude_value%5Bmin%5D=&field_longitude_value%5Bmax%5D=&field_longitude_value%5Bmin%5D=&field_phenomene_target_id=&field_type_de_cas_target_id=All&select-category-export=nothing2010-05-02672,CLAIRVAUX-LES-LACS,39,,,2010-05-17,2012-06-04,C
2010-06-02577,https://geipan.fr/fr/cas/2010-06-02577?field_agregation_index_value=&field_date_d_observation_value%5Bmax%5D=1977%2F03%2F31&field_date_d_observation_value%5Bmin%5D=1977%2F03%2F01&field_departement_target_id=&field_document_existe_ou_pas_value=All&field_latitude_value%5Bmax%5D=&field_latitude_value%5Bmin%5D=&field_longitude_value%5Bmax%5D=&field_longitude_value%5Bmin%5D=&field_phenomene_target_id=&field_type_de_cas_target_id=All&select-category-export=nothing2010-06-02577,MONTPELLIER,34,,,2010-06-04,2011-05-19,B
2010-06-02578,https://geipan.fr/fr/cas/2010-06-02578?field_agregation_index_value=&field_date_d_observation_value%5Bmax%5D=1977%2F03%2F31&field_date_d_observation_value%5Bmin%5D=1977%2F03%2F01&field_departement_target_id=&field_document_existe_ou_pas_value=All&field_latitude_value%5Bmax%5D=&field_latitude_value%5Bmin%5D=&field_longitude_value%5Bmax%5D=&field_longitude_value%5Bmin%5D=&field_phenomene_target_id=&field_type_de_cas_target_id=All&select-category-export=nothing2010-06-02578,FONTENAY-SOUS-BOIS,94,,,2010-06-03,2011-05-19,B
2010-06-02579,https://geipan.fr/fr/cas/2010-06-02579?field_agregation_index_value=&field_date_d_observation_value%5Bmax%5D=1977%2F03%2F31&field_date_d_observation_value%5Bmin%5D=1977%2F03%2F01&field_departement_target_id=&field_document_existe_ou_pas_value=All&field_latitude_value%5Bmax%5D=&field_latitude_value%5Bmin%5D=&field_longitude_value%5Bmax%5D=&field_longitude_value%5Bmin%5D=&field_phenomene_target_id=&field_type_de_cas_target_id=All&select-category-export=nothing2010-06-02579,TOURNAN-EN-BRIE,77,,,2010-06-05,2011-05-19,A
2010-06-02581,https://geipan.fr/fr/cas/2010-06-02581?field_agregation_index_value=&field_date_d_observation_value%5Bmax%5D=1977%2F03%2F31&field_date_d_observation_value%5Bmin%5D=1977%2F03%2F01&field_departement_target_id=&field_document_existe_ou_pas_value=All&field_latitude_value%5Bmax%5D=&field_latitude_value%5Bmin%5D=&field_longitude_value%5Bmax%5D=&field_longitude_value%5Bmin%5D=&field_phenomene_target_id=&field_type_de_cas_target_id=All&select-category-export=nothing2010-06-02581,SAINT-JULIEN-EN-GENEVOIS,74,,,2010-06-06,2013-12-11,C
2010-06-02584,https://geipan.fr/fr/cas/2010-06-02584?field_agregation_index_value=&field_date_d_observation_value%5Bmax%5D=1977%2F03%2F31&field_date_d_observation_value%5Bmin%5D=1977%2F03%2F01&field_departement_target_id=&field_document_existe_ou_pas_value=All&field_latitude_value%5Bmax%5D=&field_latitude_value%5Bmin%5D=&field_longitude_value%5Bmax%5D=&field_longitude_value%5Bmin%5D=&field_phenomene_target_id=&field_type_de_cas_target_id=All&select-category-export=nothing2010-06-02584,TOULOUSE,31,,,2010-06-12,2007-03-22,B
2010-06-02586,https://geipan.fr/fr/cas/2010-06-02586?field_agregation_index_value=&field_date_d_observation_value%5Bmax%5D=1977%2F03%2F31&field_date_d_observation_value%5Bmin%5D=1977%2F03%2F01&field_departement_target_id=&field_document_existe_ou_pas_value=All&field_latitude_value%5Bmax%5D=&field_latitude_value%5Bmin%5D=&field_longitude_value%5Bmax%5D=&field_longitude_value%5Bmin%5D=&field_phenomene_target_id=&field_type_de_cas_target_id=All&select-category-export=nothing2010-06-02586,PARIS,75,,,2010-06-05,2012-08-23,A
2010-06-02587,https://geipan.fr/fr/cas/2010-06-02587?field_agregation_index_value=&field_date_d_observation_value%5Bmax%5D=1977%2F03%2F31&field_date_d_observation_value%5Bmin%5D=1977%2F03%2F01&field_departement_target_id=&field_document_existe_ou_pas_value=All&field_latitude_value%5Bmax%5D=&field_latitude_value%5Bmin%5D=&field_longitude_value%5Bmax%5D=&field_longitude_value%5Bmin%5D=&field_phenomene_target_id=&field_type_de_cas_target_id=All&select-category-export=nothing2010-06-02587,MONTAT (LE),46,,,2010-06-06,2013-12-11,C
2010-06-02588,https://geipan.fr/fr/cas/2010-06-02588?field_agregation_index_value=&field_date_d_observation_value%5Bmax%5D=1977%2F03%2F31&field_date_d_observation_value%5Bmin%5D=1977%2F03%2F01&field_departement_target_id=&field_document_existe_ou_pas_value=All&field_latitude_value%5Bmax%5D=&field_latitude_value%5Bmin%5D=&field_longitude_value%5Bmax%5D=&field_longitude_value%5Bmin%5D=&field_phenomene_target_id=&field_type_de_cas_target_id=All&select-category-export=nothing2010-06-02588,USSAC,19,,,2010-06-25,2011-05-19,B
2010-06-02589,https://geipan.fr/fr/cas/2010-06-02589?field_agregation_index_value=&field_date_d_observation_value%5Bmax%5D=1977%2F03%2F31&field_date_d_observation_value%5Bmin%5D=1977%2F03%2F01&field_departement_target_id=&field_document_existe_ou_pas_value=All&field_latitude_value%5Bmax%5D=&field_latitude_value%5Bmin%5D=&field_longitude_value%5Bmax%5D=&field_longitude_value%5Bmin%5D=&field_phenomene_target_id=&field_type_de_cas_target_id=All&select-category-export=nothing2010-06-02589,CHAULGNES,58,,,2010-06-25,2013-01-24,A
2010-06-02590,https://geipan.fr/fr/cas/2010-06-02590?field_agregation_index_value=&field_date_d_observation_value%5Bmax%5D=1977%2F03%2F31&field_date_d_observation_value%5Bmin%5D=1977%2F03%2F01&field_departement_target_id=&field_document_existe_ou_pas_value=All&field_latitude_value%5Bmax%5D=&field_latitude_value%5Bmin%5D=&field_longitude_value%5Bmax%5D=&field_longitude_value%5Bmin%5D=&field_phenomene_target_id=&field_type_de_cas_target_id=All&select-category-export=nothing2010-06-02590,CONFLANS-SAINTE-HONORINE,78,,,2010-06-13,2012-08-01,B
2010-06-02593,https://geipan.fr/fr/cas/2010-06-02593?field_agregation_index_value=&field_date_d_observation_value%5Bmax%5D=1977%2F03%2F31&field_date_d_observation_value%5Bmin%5D=1977%2F03%2F01&field_departement_target_id=&field_document_existe_ou_pas_value=All&field_latitude_value%5Bmax%5D=&field_latitude_value%5Bmin%5D=&field_longitude_value%5Bmax%5D=&field_longitude_value%5Bmin%5D=&field_phenomene_target_id=&field_type_de_cas_target_id=All&select-category-export=nothing2010-06-02593,PARIS,75,,,2010-06-26,2013-11-18,C
2010-06-02598,https://geipan.fr/fr/cas/2010-06-02598?field_agregation_index_value=&field_date_d_observation_value%5Bmax%5D=1977%2F03%2F31&field_date_d_observation_value%5Bmin%5D=1977%2F03%2F01&field_departement_target_id=&field_document_existe_ou_pas_value=All&field_latitude_value%5Bmax%5D=&field_latitude_value%5Bmin%5D=&field_longitude_value%5Bmax%5D=&field_longitude_value%5Bmin%5D=&field_phenomene_target_id=&field_type_de_cas_target_id=All&select-category-export=nothing2010-06-02598,NANTES,44,,,2010-06-07,2011-02-24,B
2010-06-02599,https://geipan.fr/fr/cas/2010-06-02599?field_agregation_index_value=&field_date_d_observation_value%5Bmax%5D=1977%2F03%2F31&field_date_d_observation_value%5Bmin%5D=1977%2F03%2F01&field_departement_target_id=&field_document_existe_ou_pas_value=All&field_latitude_value%5Bmax%5D=&field_latitude_value%5Bmin%5D=&field_longitude_value%5Bmax%5D=&field_longitude_value%5Bmin%5D=&field_phenomene_target_id=&field_type_de_cas_target_id=All&select-category-export=nothing2010-06-02599,MORDELLES,35,,,2010-06-03,2012-09-13,A
2010-06-02600,https://geipan.fr/fr/cas/2010-06-02600?field_agregation_index_value=&field_date_d_observation_value%5Bmax%5D=1977%2F03%2F31&field_date_d_observation_value%5Bmin%5D=1977%2F03%2F01&field_departement_target_id=&field_document_existe_ou_pas_value=All&field_latitude_value%5Bmax%5D=&field_latitude_value%5Bmin%5D=&field_longitude_value%5Bmax%5D=&field_longitude_value%5Bmin%5D=&field_phenomene_target_id=&field_type_de_cas_target_id=All&select-category-export=nothing2010-06-02600,VERGENNE (LA),70,,,2010-06-02,2011-05-19,B
2010-06-02611,https://geipan.fr/fr/cas/2010-06-02611?field_agregation_index_value=&field_date_d_observation_value%5Bmax%5D=1977%2F03%2F31&field_date_d_observation_value%5Bmin%5D=1977%2F03%2F01&field_departement_target_id=&field_document_existe_ou_pas_value=All&field_latitude_value%5Bmax%5D=&field_latitude_value%5Bmin%5D=&field_longitude_value%5Bmax%5D=&field_longitude_value%5Bmin%5D=&field_phenomene_target_id=&field_type_de_cas_target_id=All&select-category-export=nothing2010-06-02611,SAINT-MAUR-DES-FOSSES,94,,,2010-06-30,2014-01-10,C
2010-06-02612,https://geipan.fr/fr/cas/2010-06-02612?field_agregation_index_value=&field_date_d_observation_value%5Bmax%5D=1977%2F03%2F31&field_date_d_observation_value%5Bmin%5D=1977%2F03%2F01&field_departement_target_id=&field_document_existe_ou_pas_value=All&field_latitude_value%5Bmax%5D=&field_latitude_value%5Bmin%5D=&field_longitude_value%5Bmax%5D=&field_longitude_value%5Bmin%5D=&field_phenomene_target_id=&field_type_de_cas_target_id=All&select-category-export=nothing2010-06-02612,MONTFORT-SUR-MEU,35,,,2010-06-27,2007-03-22,B
2010-06-02613,https://geipan.fr/fr/cas/2010-06-02613?field_agregation_index_value=&field_date_d_observation_value%5Bmax%5D=1977%2F03%2F31&field_date_d_observation_value%5Bmin%5D=1977%2F03%2F01&field_departement_target_id=&field_document_existe_ou_pas_value=All&field_latitude_value%5Bmax%5D=&field_latitude_value%5Bmin%5D=&field_longitude_value%5Bmax%5D=&field_longitude_value%5Bmin%5D=&field_phenomene_target_id=&field_type_de_cas_target_id=All&select-category-export=nothing2010-06-02613,ISIGNY-LE-BUAT,50,,,2010-06-19,2014-01-10,C
2010-06-02614,https://geipan.fr/fr/cas/2010-06-02614?field_agregation_index_value=&field_date_d_observation_value%5Bmax%5D=1977%2F03%2F31&field_date_d_observation_value%5Bmin%5D=1977%2F03%2F01&field_departement_target_id=&field_document_existe_ou_pas_value=All&field_latitude_value%5Bmax%5D=&field_latitude_value%5Bmin%5D=&field_longitude_value%5Bmax%5D=&field_longitude_value%5Bmin%5D=&field_phenomene_target_id=&field_type_de_cas_target_id=All&select-category-export=nothing2010-06-02614,CALAIS,62,,,2010-06-12,2011-11-28,B
2010-06-02640,https://geipan.fr/fr/cas/2010-06-02640?field_agregation_index_value=&field_date_d_observation_value%5Bmax%5D=1977%2F03%2F31&field_date_d_observation_value%5Bmin%5D=1977%2F03%2F01&field_departement_target_id=&field_document_existe_ou_pas_value=All&field_latitude_value%5Bmax%5D=&field_latitude_value%5Bmin%5D=&field_longitude_value%5Bmax%5D=&field_longitude_value%5Bmin%5D=&field_phenomene_target_id=&field_type_de_cas_target_id=All&select-category-export=nothing2010-06-02640,SALLANCHES,74,,,2010-06-10,2011-05-19,C
2010-06-02643,https://geipan.fr/fr/cas/2010-06-02643?field_agregation_index_value=&field_date_d_observation_value%5Bmax%5D=1977%2F03%2F31&field_date_d_observation_value%5Bmin%5D=1977%2F03%2F01&field_departement_target_id=&field_document_existe_ou_pas_value=All&field_latitude_value%5Bmax%5D=&field_latitude_value%5Bmin%5D=&field_longitude_value%5Bmax%5D=&field_longitude_value%5Bmin%5D=&field_phenomene_target_id=&field_type_de_cas_target_id=All&select-category-export=nothing2010-06-02643,PLESSIS-GRAMMOIRE (LE),49,,,2010-06-20,2010-10-04,A
2010-06-02658,https://geipan.fr/fr/cas/2010-06-02658?field_agregation_index_value=&field_date_d_observation_value%5Bmax%5D=1977%2F03%2F31&field_date_d_observation_value%5Bmin%5D=1977%2F03%2F01&field_departement_target_id=&field_document_existe_ou_pas_value=All&field_latitude_value%5Bmax%5D=&field_latitude_value%5Bmin%5D=&field_longitude_value%5Bmax%5D=&field_longitude_value%5Bmin%5D=&field_phenomene_target_id=&field_type_de_cas_target_id=All&select-category-export=nothing2010-06-02658,GROSSETO-PRUGNA,20,,,2010-06-06,2011-05-19,B
2010-06-02671,https://geipan.fr/fr/cas/2010-06-02671?field_agregation_index_value=&field_date_d_observation_value%5Bmax%5D=1977%2F03%2F31&field_date_d_observation_value%5Bmin%5D=1977%2F03%2F01&field_departement_target_id=&field_document_existe_ou_pas_value=All&field_latitude_value%5Bmax%5D=&field_latitude_value%5Bmin%5D=&field_longitude_value%5Bmax%5D=&field_longitude_value%5Bmin%5D=&field_phenomene_target_id=&field_type_de_cas_target_id=All&select-category-export=nothing2010-06-02671,GOURIN,56,,,2010-06-04,2011-05-19,B
2010-06-08927,https://geipan.fr/fr/cas/2010-06-08927?field_agregation_index_value=&field_date_d_observation_value%5Bmax%5D=1977%2F03%2F31&field_date_d_observation_value%5Bmin%5D=1977%2F03%2F01&field_departement_target_id=&field_document_existe_ou_pas_value=All&field_latitude_value%5Bmax%5D=&field_latitude_value%5Bmin%5D=&field_longitude_value%5Bmax%5D=&field_longitude_value%5Bmin%5D=&field_phenomene_target_id=&field_type_de_cas_target_id=All&select-category-export=nothing2010-06-08927,[AERO AFR] GUAM,GU,,,2010-06-27,2016-02-24,A
2010-07-02592,https://geipan.fr/fr/cas/2010-07-02592?field_agregation_index_value=&field_date_d_observation_value%5Bmax%5D=1977%2F03%2F31&field_date_d_observation_value%5Bmin%5D=1977%2F03%2F01&field_departement_target_id=&field_document_existe_ou_pas_value=All&field_latitude_value%5Bmax%5D=&field_latitude_value%5Bmin%5D=&field_longitude_value%5Bmax%5D=&field_longitude_value%5Bmin%5D=&field_phenomene_target_id=&field_type_de_cas_target_id=All&select-category-export=nothing2010-07-02592,CERGY,95,,,2010-07-01,2012-02-01,B
2010-07-02594,https://geipan.fr/fr/cas/2010-07-02594?field_agregation_index_value=&field_date_d_observation_value%5Bmax%5D=1977%2F03%2F31&field_date_d_observation_value%5Bmin%5D=1977%2F03%2F01&field_departement_target_id=&field_document_existe_ou_pas_value=All&field_latitude_value%5Bmax%5D=&field_latitude_value%5Bmin%5D=&field_longitude_value%5Bmax%5D=&field_longitude_value%5Bmin%5D=&field_phenomene_target_id=&field_type_de_cas_target_id=All&select-category-export=nothing2010-07-02594,PETIT-COURONNE,76,,,2010-07-03,2007-03-22,A
2010-07-02597,https://geipan.fr/fr/cas/2010-07-02597?field_agregation_index_value=&field_date_d_observation_value%5Bmax%5D=1977%2F03%2F31&field_date_d_observation_value%5Bmin%5D=1977%2F03%2F01&field_departement_target_id=&field_document_existe_ou_pas_value=All&field_latitude_value%5Bmax%5D=&field_latitude_value%5Bmin%5D=&field_longitude_value%5Bmax%5D=&field_longitude_value%5Bmin%5D=&field_phenomene_target_id=&field_type_de_cas_target_id=All&select-category-export=nothing2010-07-02597,SAINT-REMY-LA-VARENNE,49,,,2010-07-06,2013-01-24,A
2010-07-02601,https://geipan.fr/fr/cas/2010-07-02601?field_agregation_index_value=&field_date_d_observation_value%5Bmax%5D=1977%2F03%2F31&field_date_d_observation_value%5Bmin%5D=1977%2F03%2F01&field_departement_target_id=&field_document_existe_ou_pas_value=All&field_latitude_value%5Bmax%5D=&field_latitude_value%5Bmin%5D=&field_longitude_value%5Bmax%5D=&field_longitude_value%5Bmin%5D=&field_phenomene_target_id=&field_type_de_cas_target_id=All&select-category-export=nothing2010-07-02601,PARTHENAY-DE-BRETAGNE,35,,,2010-07-01,2011-06-01,B
2010-07-02602,https://geipan.fr/fr/cas/2010-07-02602?field_agregation_index_value=&field_date_d_observation_value%5Bmax%5D=1977%2F03%2F31&field_date_d_observation_value%5Bmin%5D=1977%2F03%2F01&field_departement_target_id=&field_document_existe_ou_pas_value=All&field_latitude_value%5Bmax%5D=&field_latitude_value%5Bmin%5D=&field_longitude_value%5Bmax%5D=&field_longitude_value%5Bmin%5D=&field_phenomene_target_id=&field_type_de_cas_target_id=All&select-category-export=nothing2010-07-02602,NOIRETABLE,42,,,2010-07-05,2013-02-04,B
2010-07-02603,https://geipan.fr/fr/cas/2010-07-02603?field_agregation_index_value=&field_date_d_observation_value%5Bmax%5D=1977%2F03%2F31&field_date_d_observation_value%5Bmin%5D=1977%2F03%2F01&field_departement_target_id=&field_document_existe_ou_pas_value=All&field_latitude_value%5Bmax%5D=&field_latitude_value%5Bmin%5D=&field_longitude_value%5Bmax%5D=&field_longitude_value%5Bmin%5D=&field_phenomene_target_id=&field_type_de_cas_target_id=All&select-category-export=nothing2010-07-02603,BRION,89,,,2010-07-03,2012-03-05,B
2010-07-02605,https://geipan.fr/fr/cas/2010-07-02605?field_agregation_index_value=&field_date_d_observation_value%5Bmax%5D=1977%2F03%2F31&field_date_d_observation_value%5Bmin%5D=1977%2F03%2F01&field_departement_target_id=&field_document_existe_ou_pas_value=All&field_latitude_value%5Bmax%5D=&field_latitude_value%5Bmin%5D=&field_longitude_value%5Bmax%5D=&field_longitude_value%5Bmin%5D=&field_phenomene_target_id=&field_type_de_cas_target_id=All&select-category-export=nothing2010-07-02605,FORT-MAHON-PLAGE,80,,,2010-07-04,2007-03-22,C
2010-07-02609,https://geipan.fr/fr/cas/2010-07-02609?field_agregation_index_value=&field_date_d_observation_value%5Bmax%5D=1977%2F03%2F31&field_date_d_observation_value%5Bmin%5D=1977%2F03%2F01&field_departement_target_id=&field_document_existe_ou_pas_value=All&field_latitude_value%5Bmax%5D=&field_latitude_value%5Bmin%5D=&field_longitude_value%5Bmax%5D=&field_longitude_value%5Bmin%5D=&field_phenomene_target_id=&field_type_de_cas_target_id=All&select-category-export=nothing2010-07-02609,LABASTIDE-SAINT-SERNIN,31,,,2010-07-25,2011-05-19,A
2010-07-02617,https://geipan.fr/fr/cas/2010-07-02617?field_agregation_index_value=&field_date_d_observation_value%5Bmax%5D=1977%2F03%2F31&field_date_d_observation_value%5Bmin%5D=1977%2F03%2F01&field_departement_target_id=&field_document_existe_ou_pas_value=All&field_latitude_value%5Bmax%5D=&field_latitude_value%5Bmin%5D=&field_longitude_value%5Bmax%5D=&field_longitude_value%5Bmin%5D=&field_phenomene_target_id=&field_type_de_cas_target_id=All&select-category-export=nothing2010-07-02617,BERTANGLES,80,,,2010-07-11,2010-12-06,B
2010-07-02620,https://geipan.fr/fr/cas/2010-07-02620?field_agregation_index_value=&field_date_d_observation_value%5Bmax%5D=1977%2F03%2F31&field_date_d_observation_value%5Bmin%5D=1977%2F03%2F01&field_departement_target_id=&field_document_existe_ou_pas_value=All&field_latitude_value%5Bmax%5D=&field_latitude_value%5Bmin%5D=&field_longitude_value%5Bmax%5D=&field_longitude_value%5Bmin%5D=&field_phenomene_target_id=&field_type_de_cas_target_id=All&select-category-export=nothing2010-07-02620,APT,84,,,2010-07-02,2011-11-21,A
2010-07-02626,https://geipan.fr/fr/cas/2010-07-02626?field_agregation_index_value=&field_date_d_observation_value%5Bmax%5D=1977%2F03%2F31&field_date_d_observation_value%5Bmin%5D=1977%2F03%2F01&field_departement_target_id=&field_document_existe_ou_pas_value=All&field_latitude_value%5Bmax%5D=&field_latitude_value%5Bmin%5D=&field_longitude_value%5Bmax%5D=&field_longitude_value%5Bmin%5D=&field_phenomene_target_id=&field_type_de_cas_target_id=All&select-category-export=nothing2010-07-02626,VALLAURIS,06,,,2010-07-30,2012-01-11,B
2010-07-02627,https://geipan.fr/fr/cas/2010-07-02627?field_agregation_index_value=&field_date_d_observation_value%5Bmax%5D=1977%2F03%2F31&field_date_d_observation_value%5Bmin%5D=1977%2F03%2F01&field_departement_target_id=&field_document_existe_ou_pas_value=All&field_latitude_value%5Bmax%5D=&field_latitude_value%5Bmin%5D=&field_longitude_value%5Bmax%5D=&field_longitude_value%5Bmin%5D=&field_phenomene_target_id=&field_type_de_cas_target_id=All&select-category-export=nothing2010-07-02627,ALBI,81,,,2010-07-18,2012-03-13,B
2010-07-02628,https://geipan.fr/fr/cas/2010-07-02628?field_agregation_index_value=&field_date_d_observation_value%5Bmax%5D=1977%2F03%2F31&field_date_d_observation_value%5Bmin%5D=1977%2F03%2F01&field_departement_target_id=&field_document_existe_ou_pas_value=All&field_latitude_value%5Bmax%5D=&field_latitude_value%5Bmin%5D=&field_longitude_value%5Bmax%5D=&field_longitude_value%5Bmin%5D=&field_phenomene_target_id=&field_type_de_cas_target_id=All&select-category-export=nothing2010-07-02628,AIX-EN-PROVENCE,13,,,2010-07-15,2011-05-19,A
2010-07-02629,https://geipan.fr/fr/cas/2010-07-02629?field_agregation_index_value=&field_date_d_observation_value%5Bmax%5D=1977%2F03%2F31&field_date_d_observation_value%5Bmin%5D=1977%2F03%2F01&field_departement_target_id=&field_document_existe_ou_pas_value=All&field_latitude_value%5Bmax%5D=&field_latitude_value%5Bmin%5D=&field_longitude_value%5Bmax%5D=&field_longitude_value%5Bmin%5D=&field_phenomene_target_id=&field_type_de_cas_target_id=All&select-category-export=nothing2010-07-02629,HUTTENHEIM,67,,,2010-07-16,2013-06-03,C
2010-07-02634,https://geipan.fr/fr/cas/2010-07-02634?field_agregation_index_value=&field_date_d_observation_value%5Bmax%5D=1977%2F03%2F31&field_date_d_observation_value%5Bmin%5D=1977%2F03%2F01&field_departement_target_id=&field_document_existe_ou_pas_value=All&field_latitude_value%5Bmax%5D=&field_latitude_value%5Bmin%5D=&field_longitude_value%5Bmax%5D=&field_longitude_value%5Bmin%5D=&field_phenomene_target_id=&field_type_de_cas_target_id=All&select-category-export=nothing2010-07-02634,TREPT,38,,,2010-07-30,2013-03-21,C
2010-07-02641,https://geipan.fr/fr/cas/2010-07-02641?field_agregation_index_value=&field_date_d_observation_value%5Bmax%5D=1977%2F03%2F31&field_date_d_observation_value%5Bmin%5D=1977%2F03%2F01&field_departement_target_id=&field_document_existe_ou_pas_value=All&field_latitude_value%5Bmax%5D=&field_latitude_value%5Bmin%5D=&field_longitude_value%5Bmax%5D=&field_longitude_value%5Bmin%5D=&field_phenomene_target_id=&field_type_de_cas_target_id=All&select-category-export=nothing2010-07-02641,HERMITES (LES),37,,,2010-07-17,2013-02-28,C
2010-07-02642,https://geipan.fr/fr/cas/2010-07-02642?field_agregation_index_value=&field_date_d_observation_value%5Bmax%5D=1977%2F03%2F31&field_date_d_observation_value%5Bmin%5D=1977%2F03%2F01&field_departement_target_id=&field_document_existe_ou_pas_value=All&field_latitude_value%5Bmax%5D=&field_latitude_value%5Bmin%5D=&field_longitude_value%5Bmax%5D=&field_longitude_value%5Bmin%5D=&field_phenomene_target_id=&field_type_de_cas_target_id=All&select-category-export=nothing2010-07-02642,BOHALLE (LA),49,,,2010-07-11,2012-01-04,A
2010-07-02644,https://geipan.fr/fr/cas/2010-07-02644?field_agregation_index_value=&field_date_d_observation_value%5Bmax%5D=1977%2F03%2F31&field_date_d_observation_value%5Bmin%5D=1977%2F03%2F01&field_departement_target_id=&field_document_existe_ou_pas_value=All&field_latitude_value%5Bmax%5D=&field_latitude_value%5Bmin%5D=&field_longitude_value%5Bmax%5D=&field_longitude_value%5Bmin%5D=&field_phenomene_target_id=&field_type_de_cas_target_id=All&select-category-export=nothing2010-07-02644,SAINT-JEAN-CAP-FERRAT,06,,,2010-07-13,2012-02-10,B
2010-07-02655,https://geipan.fr/fr/cas/2010-07-02655?field_agregation_index_value=&field_date_d_observation_value%5Bmax%5D=1977%2F03%2F31&field_date_d_observation_value%5Bmin%5D=1977%2F03%2F01&field_departement_target_id=&field_document_existe_ou_pas_value=All&field_latitude_value%5Bmax%5D=&field_latitude_value%5Bmin%5D=&field_longitude_value%5Bmax%5D=&field_longitude_value%5Bmin%5D=&field_phenomene_target_id=&field_type_de_cas_target_id=All&select-category-export=nothing2010-07-02655,ROSNY-SOUS-BOIS,93,,,2010-07,2013-04-25,C
2010-07-02680,https://geipan.fr/fr/cas/2010-07-02680?field_agregation_index_value=&field_date_d_observation_value%5Bmax%5D=1977%2F03%2F31&field_date_d_observation_value%5Bmin%5D=1977%2F03%2F01&field_departement_target_id=&field_document_existe_ou_pas_value=All&field_latitude_value%5Bmax%5D=&field_latitude_value%5Bmin%5D=&field_longitude_value%5Bmax%5D=&field_longitude_value%5Bmin%5D=&field_phenomene_target_id=&field_type_de_cas_target_id=All&select-category-export=nothing2010-07-02680,CANTELEU,76,,,2010-07-18,2011-05-19,B
2010-07-02682,https://geipan.fr/fr/cas/2010-07-02682?field_agregation_index_value=&field_date_d_observation_value%5Bmax%5D=1977%2F03%2F31&field_date_d_observation_value%5Bmin%5D=1977%2F03%2F01&field_departement_target_id=&field_document_existe_ou_pas_value=All&field_latitude_value%5Bmax%5D=&field_latitude_value%5Bmin%5D=&field_longitude_value%5Bmax%5D=&field_longitude_value%5Bmin%5D=&field_phenomene_target_id=&field_type_de_cas_target_id=All&select-category-export=nothing2010-07-02682,CAMBOULIT,46,,,2010-07-28,2011-05-19,B
2010-07-08217,https://geipan.fr/fr/cas/2010-07-08217?field_agregation_index_value=&field_date_d_observation_value%5Bmax%5D=1977%2F03%2F31&field_date_d_observation_value%5Bmin%5D=1977%2F03%2F01&field_departement_target_id=&field_document_existe_ou_pas_value=All&field_latitude_value%5Bmax%5D=&field_latitude_value%5Bmin%5D=&field_longitude_value%5Bmax%5D=&field_longitude_value%5Bmin%5D=&field_phenomene_target_id=&field_type_de_cas_target_id=All&select-category-export=nothing2010-07-08217,MONTELIMAR,26,,,2010-07-09,2012-10-31,C
2010-08-02621,https://geipan.fr/fr/cas/2010-08-02621?field_agregation_index_value=&field_date_d_observation_value%5Bmax%5D=1977%2F03%2F31&field_date_d_observation_value%5Bmin%5D=1977%2F03%2F01&field_departement_target_id=&field_document_existe_ou_pas_value=All&field_latitude_value%5Bmax%5D=&field_latitude_value%5Bmin%5D=&field_longitude_value%5Bmax%5D=&field_longitude_value%5Bmin%5D=&field_phenomene_target_id=&field_type_de_cas_target_id=All&select-category-export=nothing2010-08-02621,CIVRAY,86,,,2010-08-19,2013-03-29,A
2010-08-02622,https://geipan.fr/fr/cas/2010-08-02622?field_agregation_index_value=&field_date_d_observation_value%5Bmax%5D=1977%2F03%2F31&field_date_d_observation_value%5Bmin%5D=1977%2F03%2F01&field_departement_target_id=&field_document_existe_ou_pas_value=All&field_latitude_value%5Bmax%5D=&field_latitude_value%5Bmin%5D=&field_longitude_value%5Bmax%5D=&field_longitude_value%5Bmin%5D=&field_phenomene_target_id=&field_type_de_cas_target_id=All&select-category-export=nothing2010-08-02622,SAINT-JEAN-DE-MONTS,85,,,2010-08-05,2013-04-25,C
2010-08-02624,https://geipan.fr/fr/cas/2010-08-02624?field_agregation_index_value=&field_date_d_observation_value%5Bmax%5D=1977%2F03%2F31&field_date_d_observation_value%5Bmin%5D=1977%2F03%2F01&field_departement_target_id=&field_document_existe_ou_pas_value=All&field_latitude_value%5Bmax%5D=&field_latitude_value%5Bmin%5D=&field_longitude_value%5Bmax%5D=&field_longitude_value%5Bmin%5D=&field_phenomene_target_id=&field_type_de_cas_target_id=All&select-category-export=nothing2010-08-02624,SAINTE-TERRE,36130,,,2010-08-08,2012-12-19,A
2010-08-02632,https://geipan.fr/fr/cas/2010-08-02632?field_agregation_index_value=&field_date_d_observation_value%5Bmax%5D=1977%2F03%2F31&field_date_d_observation_value%5Bmin%5D=1977%2F03%2F01&field_departement_target_id=&field_document_existe_ou_pas_value=All&field_latitude_value%5Bmax%5D=&field_latitude_value%5Bmin%5D=&field_longitude_value%5Bmax%5D=&field_longitude_value%5Bmin%5D=&field_phenomene_target_id=&field_type_de_cas_target_id=All&select-category-export=nothing2010-08-02632,GARENNE-COLOMBES (LA),92,,,2010-08-21,2013-04-25,B
2010-08-02633,https://geipan.fr/fr/cas/2010-08-02633?field_agregation_index_value=&field_date_d_observation_value%5Bmax%5D=1977%2F03%2F31&field_date_d_observation_value%5Bmin%5D=1977%2F03%2F01&field_departement_target_id=&field_document_existe_ou_pas_value=All&field_latitude_value%5Bmax%5D=&field_latitude_value%5Bmin%5D=&field_longitude_value%5Bmax%5D=&field_longitude_value%5Bmin%5D=&field_phenomene_target_id=&field_type_de_cas_target_id=All&select-category-export=nothing2010-08-02633,PERPIGNAN,66,,,2010-08-13,2011-05-19,B
2010-08-02636,https://geipan.fr/fr/cas/2010-08-02636?field_agregation_index_value=&field_date_d_observation_value%5Bmax%5D=1977%2F03%2F31&field_date_d_observation_value%5Bmin%5D=1977%2F03%2F01&field_departement_target_id=&field_document_existe_ou_pas_value=All&field_latitude_value%5Bmax%5D=&field_latitude_value%5Bmin%5D=&field_longitude_value%5Bmax%5D=&field_longitude_value%5Bmin%5D=&field_phenomene_target_id=&field_type_de_cas_target_id=All&select-category-export=nothing2010-08-02636,ANGLET,64,,,2010-08-22,2010-10-04,C
2010-08-02637,https://geipan.fr/fr/cas/2010-08-02637?field_agregation_index_value=&field_date_d_observation_value%5Bmax%5D=1977%2F03%2F31&field_date_d_observation_value%5Bmin%5D=1977%2F03%2F01&field_departement_target_id=&field_document_existe_ou_pas_value=All&field_latitude_value%5Bmax%5D=&field_latitude_value%5Bmin%5D=&field_longitude_value%5Bmax%5D=&field_longitude_value%5Bmin%5D=&field_phenomene_target_id=&field_type_de_cas_target_id=All&select-category-export=nothing2010-08-02637,AIX-LES-BAINS,73,,,2010-08-31,2013-11-18,C
2010-08-02638,https://geipan.fr/fr/cas/2010-08-02638?field_agregation_index_value=&field_date_d_observation_value%5Bmax%5D=1977%2F03%2F31&field_date_d_observation_value%5Bmin%5D=1977%2F03%2F01&field_departement_target_id=&field_document_existe_ou_pas_value=All&field_latitude_value%5Bmax%5D=&field_latitude_value%5Bmin%5D=&field_longitude_value%5Bmax%5D=&field_longitude_value%5Bmin%5D=&field_phenomene_target_id=&field_type_de_cas_target_id=All&select-category-export=nothing2010-08-02638,BAILLEVAL,60,,,2010-08-24,2012-01-02,A
2010-08-02659,https://geipan.fr/fr/cas/2010-08-02659?field_agregation_index_value=&field_date_d_observation_value%5Bmax%5D=1977%2F03%2F31&field_date_d_observation_value%5Bmin%5D=1977%2F03%2F01&field_departement_target_id=&field_document_existe_ou_pas_value=All&field_latitude_value%5Bmax%5D=&field_latitude_value%5Bmin%5D=&field_longitude_value%5Bmax%5D=&field_longitude_value%5Bmin%5D=&field_phenomene_target_id=&field_type_de_cas_target_id=All&select-category-export=nothing2010-08-02659,CHAPELLE-SAINT-AUBIN (LA),72,,,2010-08-28,2011-05-19,B
2010-08-02678,https://geipan.fr/fr/cas/2010-08-02678?field_agregation_index_value=&field_date_d_observation_value%5Bmax%5D=1977%2F03%2F31&field_date_d_observation_value%5Bmin%5D=1977%2F03%2F01&field_departement_target_id=&field_document_existe_ou_pas_value=All&field_latitude_value%5Bmax%5D=&field_latitude_value%5Bmin%5D=&field_longitude_value%5Bmax%5D=&field_longitude_value%5Bmin%5D=&field_phenomene_target_id=&field_type_de_cas_target_id=All&select-category-export=nothing2010-08-02678,MOTTIER,38,,,2010-08-26,2007-03-22,B
2010-08-02686,https://geipan.fr/fr/cas/2010-08-02686?field_agregation_index_value=&field_date_d_observation_value%5Bmax%5D=1977%2F03%2F31&field_date_d_observation_value%5Bmin%5D=1977%2F03%2F01&field_departement_target_id=&field_document_existe_ou_pas_value=All&field_latitude_value%5Bmax%5D=&field_latitude_value%5Bmin%5D=&field_longitude_value%5Bmax%5D=&field_longitude_value%5Bmin%5D=&field_phenomene_target_id=&field_type_de_cas_target_id=All&select-category-export=nothing2010-08-02686,VENDIN-LES-BETHUNE,62,,,2010-08-22,2011-01-07,A
2010-08-02691,https://geipan.fr/fr/cas/2010-08-02691?field_agregation_index_value=&field_date_d_observation_value%5Bmax%5D=1977%2F03%2F31&field_date_d_observation_value%5Bmin%5D=1977%2F03%2F01&field_departement_target_id=&field_document_existe_ou_pas_value=All&field_latitude_value%5Bmax%5D=&field_latitude_value%5Bmin%5D=&field_longitude_value%5Bmax%5D=&field_longitude_value%5Bmin%5D=&field_phenomene_target_id=&field_type_de_cas_target_id=All&select-category-export=nothing2010-08-02691,NEVEZ,29,,,2010-08-19,2014-09-02,C
2010-08-02713,https://geipan.fr/fr/cas/2010-08-02713?field_agregation_index_value=&field_date_d_observation_value%5Bmax%5D=1977%2F03%2F31&field_date_d_observation_value%5Bmin%5D=1977%2F03%2F01&field_departement_target_id=&field_document_existe_ou_pas_value=All&field_latitude_value%5Bmax%5D=&field_latitude_value%5Bmin%5D=&field_longitude_value%5Bmax%5D=&field_longitude_value%5Bmin%5D=&field_phenomene_target_id=&field_type_de_cas_target_id=All&select-category-export=nothing2010-08-02713,NOTRE-DAME-DU-PRE,73,,,2010-08-21,2011-05-19,B
2010-08-02737,https://geipan.fr/fr/cas/2010-08-02737?field_agregation_index_value=&field_date_d_observation_value%5Bmax%5D=1977%2F03%2F31&field_date_d_observation_value%5Bmin%5D=1977%2F03%2F01&field_departement_target_id=&field_document_existe_ou_pas_value=All&field_latitude_value%5Bmax%5D=&field_latitude_value%5Bmin%5D=&field_longitude_value%5Bmax%5D=&field_longitude_value%5Bmin%5D=&field_phenomene_target_id=&field_type_de_cas_target_id=All&select-category-export=nothing2010-08-02737,TENTELING,57,,,2010-08-29,2017-06-08,A
2010-08-02748,https://geipan.fr/fr/cas/2010-08-02748?field_agregation_index_value=&field_date_d_observation_value%5Bmax%5D=1977%2F03%2F31&field_date_d_observation_value%5Bmin%5D=1977%2F03%2F01&field_departement_target_id=&field_document_existe_ou_pas_value=All&field_latitude_value%5Bmax%5D=&field_latitude_value%5Bmin%5D=&field_longitude_value%5Bmax%5D=&field_longitude_value%5Bmin%5D=&field_phenomene_target_id=&field_type_de_cas_target_id=All&select-category-export=nothing2010-08-02748,BRACQUEMONT,76,,,2010-08-29,2011-10-03,B
2010-08-02759,https://geipan.fr/fr/cas/2010-08-02759?field_agregation_index_value=&field_date_d_observation_value%5Bmax%5D=1977%2F03%2F31&field_date_d_observation_value%5Bmin%5D=1977%2F03%2F01&field_departement_target_id=&field_document_existe_ou_pas_value=All&field_latitude_value%5Bmax%5D=&field_latitude_value%5Bmin%5D=&field_longitude_value%5Bmax%5D=&field_longitude_value%5Bmin%5D=&field_phenomene_target_id=&field_type_de_cas_target_id=All&select-category-export=nothing2010-08-02759,VIGNEUX-SUR-SEINE,91,,,2010-08-31,2013-02-28,A
2010-09-02645,https://geipan.fr/fr/cas/2010-09-02645?field_agregation_index_value=&field_date_d_observation_value%5Bmax%5D=1977%2F03%2F31&field_date_d_observation_value%5Bmin%5D=1977%2F03%2F01&field_departement_target_id=&field_document_existe_ou_pas_value=All&field_latitude_value%5Bmax%5D=&field_latitude_value%5Bmin%5D=&field_longitude_value%5Bmax%5D=&field_longitude_value%5Bmin%5D=&field_phenomene_target_id=&field_type_de_cas_target_id=All&select-category-export=nothing2010-09-02645,SAINT-JORIOZ,74,,,2010-09-10,2011-03-17,A
2010-09-02646,https://geipan.fr/fr/cas/2010-09-02646?field_agregation_index_value=&field_date_d_observation_value%5Bmax%5D=1977%2F03%2F31&field_date_d_observation_value%5Bmin%5D=1977%2F03%2F01&field_departement_target_id=&field_document_existe_ou_pas_value=All&field_latitude_value%5Bmax%5D=&field_latitude_value%5Bmin%5D=&field_longitude_value%5Bmax%5D=&field_longitude_value%5Bmin%5D=&field_phenomene_target_id=&field_type_de_cas_target_id=All&select-category-export=nothing2010-09-02646,SARGE-LES-LE-MANS,72,,,2010-09-24,2007-03-22,A
2010-09-02647,https://geipan.fr/fr/cas/2010-09-02647?field_agregation_index_value=&field_date_d_observation_value%5Bmax%5D=1977%2F03%2F31&field_date_d_observation_value%5Bmin%5D=1977%2F03%2F01&field_departement_target_id=&field_document_existe_ou_pas_value=All&field_latitude_value%5Bmax%5D=&field_latitude_value%5Bmin%5D=&field_longitude_value%5Bmax%5D=&field_longitude_value%5Bmin%5D=&field_phenomene_target_id=&field_type_de_cas_target_id=All&select-category-export=nothing2010-09-02647,ANTIBES,06,,,2010-09-11,2011-12-16,A
2010-09-02649,https://geipan.fr/fr/cas/2010-09-02649?field_agregation_index_value=&field_date_d_observation_value%5Bmax%5D=1977%2F03%2F31&field_date_d_observation_value%5Bmin%5D=1977%2F03%2F01&field_departement_target_id=&field_document_existe_ou_pas_value=All&field_latitude_value%5Bmax%5D=&field_latitude_value%5Bmin%5D=&field_longitude_value%5Bmax%5D=&field_longitude_value%5Bmin%5D=&field_phenomene_target_id=&field_type_de_cas_target_id=All&select-category-export=nothing2010-09-02649,PRADET (LE),83,,,2010-09-02,2011-05-19,C
2010-09-02650,https://geipan.fr/fr/cas/2010-09-02650?field_agregation_index_value=&field_date_d_observation_value%5Bmax%5D=1977%2F03%2F31&field_date_d_observation_value%5Bmin%5D=1977%2F03%2F01&field_departement_target_id=&field_document_existe_ou_pas_value=All&field_latitude_value%5Bmax%5D=&field_latitude_value%5Bmin%5D=&field_longitude_value%5Bmax%5D=&field_longitude_value%5Bmin%5D=&field_phenomene_target_id=&field_type_de_cas_target_id=All&select-category-export=nothing2010-09-02650,EYBENS,38,,,2010-09-10,2014-03-21,B
2010-09-02651,https://geipan.fr/fr/cas/2010-09-02651?field_agregation_index_value=&field_date_d_observation_value%5Bmax%5D=1977%2F03%2F31&field_date_d_observation_value%5Bmin%5D=1977%2F03%2F01&field_departement_target_id=&field_document_existe_ou_pas_value=All&field_latitude_value%5Bmax%5D=&field_latitude_value%5Bmin%5D=&field_longitude_value%5Bmax%5D=&field_longitude_value%5Bmin%5D=&field_phenomene_target_id=&field_type_de_cas_target_id=All&select-category-export=nothing2010-09-02651,COMMERCY,55,,,2010-09-01,2011-05-19,C
2010-09-02652,https://geipan.fr/fr/cas/2010-09-02652?field_agregation_index_value=&field_date_d_observation_value%5Bmax%5D=1977%2F03%2F31&field_date_d_observation_value%5Bmin%5D=1977%2F03%2F01&field_departement_target_id=&field_document_existe_ou_pas_value=All&field_latitude_value%5Bmax%5D=&field_latitude_value%5Bmin%5D=&field_longitude_value%5Bmax%5D=&field_longitude_value%5Bmin%5D=&field_phenomene_target_id=&field_type_de_cas_target_id=All&select-category-export=nothing2010-09-02652,DOLE,39,,,2010-09-19,2011-05-19,B
2010-09-02664,https://geipan.fr/fr/cas/2010-09-02664?field_agregation_index_value=&field_date_d_observation_value%5Bmax%5D=1977%2F03%2F31&field_date_d_observation_value%5Bmin%5D=1977%2F03%2F01&field_departement_target_id=&field_document_existe_ou_pas_value=All&field_latitude_value%5Bmax%5D=&field_latitude_value%5Bmin%5D=&field_longitude_value%5Bmax%5D=&field_longitude_value%5Bmin%5D=&field_phenomene_target_id=&field_type_de_cas_target_id=All&select-category-export=nothing2010-09-02664,PARIS,75,,,2010-09-19,2013-06-26,B
2010-09-02673,https://geipan.fr/fr/cas/2010-09-02673?field_agregation_index_value=&field_date_d_observation_value%5Bmax%5D=1977%2F03%2F31&field_date_d_observation_value%5Bmin%5D=1977%2F03%2F01&field_departement_target_id=&field_document_existe_ou_pas_value=All&field_latitude_value%5Bmax%5D=&field_latitude_value%5Bmin%5D=&field_longitude_value%5Bmax%5D=&field_longitude_value%5Bmin%5D=&field_phenomene_target_id=&field_type_de_cas_target_id=All&select-category-export=nothing2010-09-02673,FONTENAY-EN-PARISIS,95,,,2010-09-05,2011-03-04,B
2010-09-02683,https://geipan.fr/fr/cas/2010-09-02683?field_agregation_index_value=&field_date_d_observation_value%5Bmax%5D=1977%2F03%2F31&field_date_d_observation_value%5Bmin%5D=1977%2F03%2F01&field_departement_target_id=&field_document_existe_ou_pas_value=All&field_latitude_value%5Bmax%5D=&field_latitude_value%5Bmin%5D=&field_longitude_value%5Bmax%5D=&field_longitude_value%5Bmin%5D=&field_phenomene_target_id=&field_type_de_cas_target_id=All&select-category-export=nothing2010-09-02683,SAINT-JACQUES-SUR-DARNETAL,76,,,2010-09-10,2012-04-10,B
2010-09-02684,https://geipan.fr/fr/cas/2010-09-02684?field_agregation_index_value=&field_date_d_observation_value%5Bmax%5D=1977%2F03%2F31&field_date_d_observation_value%5Bmin%5D=1977%2F03%2F01&field_departement_target_id=&field_document_existe_ou_pas_value=All&field_latitude_value%5Bmax%5D=&field_latitude_value%5Bmin%5D=&field_longitude_value%5Bmax%5D=&field_longitude_value%5Bmin%5D=&field_phenomene_target_id=&field_type_de_cas_target_id=All&select-category-export=nothing2010-09-02684,FREJUS,83,,,2010-09-25,2010-12-13,B
2010-09-02697,https://geipan.fr/fr/cas/2010-09-02697?field_agregation_index_value=&field_date_d_observation_value%5Bmax%5D=1977%2F03%2F31&field_date_d_observation_value%5Bmin%5D=1977%2F03%2F01&field_departement_target_id=&field_document_existe_ou_pas_value=All&field_latitude_value%5Bmax%5D=&field_latitude_value%5Bmin%5D=&field_longitude_value%5Bmax%5D=&field_longitude_value%5Bmin%5D=&field_phenomene_target_id=&field_type_de_cas_target_id=All&select-category-export=nothing2010-09-02697,VAILLY-SUR-SAULDRE,18,,,2010-09-10,2013-04-16,A
2010-10-02663,https://geipan.fr/fr/cas/2010-10-02663?field_agregation_index_value=&field_date_d_observation_value%5Bmax%5D=1977%2F03%2F31&field_date_d_observation_value%5Bmin%5D=1977%2F03%2F01&field_departement_target_id=&field_document_existe_ou_pas_value=All&field_latitude_value%5Bmax%5D=&field_latitude_value%5Bmin%5D=&field_longitude_value%5Bmax%5D=&field_longitude_value%5Bmin%5D=&field_phenomene_target_id=&field_type_de_cas_target_id=All&select-category-export=nothing2010-10-02663,GOLFECH,82,,,2010-10-06,2016-05-17,D1-
2010-10-08345,https://geipan.fr/fr/cas/2010-10-08345?field_agregation_index_value=&field_date_d_observation_value%5Bmax%5D=1977%2F03%2F31&field_date_d_observation_value%5Bmin%5D=1977%2F03%2F01&field_departement_target_id=&field_document_existe_ou_pas_value=All&field_latitude_value%5Bmax%5D=&field_latitude_value%5Bmin%5D=&field_longitude_value%5Bmax%5D=&field_longitude_value%5Bmin%5D=&field_phenomene_target_id=&field_type_de_cas_target_id=All&select-category-export=nothing2010-10-08345,ANGOULEME,31,,,2010-10-09,2012-10-31,B
2010-11-02681,https://geipan.fr/fr/cas/2010-11-02681?field_agregation_index_value=&field_date_d_observation_value%5Bmax%5D=1977%2F03%2F31&field_date_d_observation_value%5Bmin%5D=1977%2F03%2F01&field_departement_target_id=&field_document_existe_ou_pas_value=All&field_latitude_value%5Bmax%5D=&field_latitude_value%5Bmin%5D=&field_longitude_value%5Bmax%5D=&field_longitude_value%5Bmin%5D=&field_phenomene_target_id=&field_type_de_cas_target_id=All&select-category-export=nothing2010-11-02681,ESSEY-LES-NANCY,54,,,2010-11-16,2014-09-02,C
2010-11-02688,https://geipan.fr/fr/cas/2010-11-02688?field_agregation_index_value=&field_date_d_observation_value%5Bmax%5D=1977%2F03%2F31&field_date_d_observation_value%5Bmin%5D=1977%2F03%2F01&field_departement_target_id=&field_document_existe_ou_pas_value=All&field_latitude_value%5Bmax%5D=&field_latitude_value%5Bmin%5D=&field_longitude_value%5Bmax%5D=&field_longitude_value%5Bmin%5D=&field_phenomene_target_id=&field_type_de_cas_target_id=All&select-category-export=nothing2010-11-02688,[A26] de MAILLY-LE-CAMP (10) vers TROYES,10,,,2010-11-01,2011-05-19,B
2010-11-02693,https://geipan.fr/fr/cas/2010-11-02693?field_agregation_index_value=&field_date_d_observation_value%5Bmax%5D=1977%2F03%2F31&field_date_d_observation_value%5Bmin%5D=1977%2F03%2F01&field_departement_target_id=&field_document_existe_ou_pas_value=All&field_latitude_value%5Bmax%5D=&field_latitude_value%5Bmin%5D=&field_longitude_value%5Bmax%5D=&field_longitude_value%5Bmin%5D=&field_phenomene_target_id=&field_type_de_cas_target_id=All&select-category-export=nothing2010-11-02693,HEROUVILLE-SAINT-CLAIR,14,,,2010-11-10,2014-02-11,C
2010-11-02702,https://geipan.fr/fr/cas/2010-11-02702?field_agregation_index_value=&field_date_d_observation_value%5Bmax%5D=1977%2F03%2F31&field_date_d_observation_value%5Bmin%5D=1977%2F03%2F01&field_departement_target_id=&field_document_existe_ou_pas_value=All&field_latitude_value%5Bmax%5D=&field_latitude_value%5Bmin%5D=&field_longitude_value%5Bmax%5D=&field_longitude_value%5Bmin%5D=&field_phenomene_target_id=&field_type_de_cas_target_id=All&select-category-export=nothing2010-11-02702,MANS (LE),72,,,2010-11-21,2014-03-21,D1
2010-11-02704,https://geipan.fr/fr/cas/2010-11-02704?field_agregation_index_value=&field_date_d_observation_value%5Bmax%5D=1977%2F03%2F31&field_date_d_observation_value%5Bmin%5D=1977%2F03%2F01&field_departement_target_id=&field_document_existe_ou_pas_value=All&field_latitude_value%5Bmax%5D=&field_latitude_value%5Bmin%5D=&field_longitude_value%5Bmax%5D=&field_longitude_value%5Bmin%5D=&field_phenomene_target_id=&field_type_de_cas_target_id=All&select-category-export=nothing2010-11-02704,SAINT-THIBERY,34,,,2010-11-17,2011-05-19,B
2010-11-02718,https://geipan.fr/fr/cas/2010-11-02718?field_agregation_index_value=&field_date_d_observation_value%5Bmax%5D=1977%2F03%2F31&field_date_d_observation_value%5Bmin%5D=1977%2F03%2F01&field_departement_target_id=&field_document_existe_ou_pas_value=All&field_latitude_value%5Bmax%5D=&field_latitude_value%5Bmin%5D=&field_longitude_value%5Bmax%5D=&field_longitude_value%5Bmin%5D=&field_phenomene_target_id=&field_type_de_cas_target_id=All&select-category-export=nothing2010-11-02718,MENTON,06,,,2010-11-14,2013-04-25,A
2010-11-02735,https://geipan.fr/fr/cas/2010-11-02735?field_agregation_index_value=&field_date_d_observation_value%5Bmax%5D=1977%2F03%2F31&field_date_d_observation_value%5Bmin%5D=1977%2F03%2F01&field_departement_target_id=&field_document_existe_ou_pas_value=All&field_latitude_value%5Bmax%5D=&field_latitude_value%5Bmin%5D=&field_longitude_value%5Bmax%5D=&field_longitude_value%5Bmin%5D=&field_phenomene_target_id=&field_type_de_cas_target_id=All&select-category-export=nothing2010-11-02735,CHATEAU-THEBAUD,44,,,2010-11,2012-04-12,B
2010-11-02743,https://geipan.fr/fr/cas/2010-11-02743?field_agregation_index_value=&field_date_d_observation_value%5Bmax%5D=1977%2F03%2F31&field_date_d_observation_value%5Bmin%5D=1977%2F03%2F01&field_departement_target_id=&field_document_existe_ou_pas_value=All&field_latitude_value%5Bmax%5D=&field_latitude_value%5Bmin%5D=&field_longitude_value%5Bmax%5D=&field_longitude_value%5Bmin%5D=&field_phenomene_target_id=&field_type_de_cas_target_id=All&select-category-export=nothing2010-11-02743,MIRANDE,32,,,2010-11-26,2013-02-28,C
2010-12-02687,https://geipan.fr/fr/cas/2010-12-02687?field_agregation_index_value=&field_date_d_observation_value%5Bmax%5D=1977%2F03%2F31&field_date_d_observation_value%5Bmin%5D=1977%2F03%2F01&field_departement_target_id=&field_document_existe_ou_pas_value=All&field_latitude_value%5Bmax%5D=&field_latitude_value%5Bmin%5D=&field_longitude_value%5Bmax%5D=&field_longitude_value%5Bmin%5D=&field_phenomene_target_id=&field_type_de_cas_target_id=All&select-category-export=nothing2010-12-02687,PARIS,75,,,2010-12-05,2011-05-19,B
2010-12-02694,https://geipan.fr/fr/cas/2010-12-02694?field_agregation_index_value=&field_date_d_observation_value%5Bmax%5D=1977%2F03%2F31&field_date_d_observation_value%5Bmin%5D=1977%2F03%2F01&field_departement_target_id=&field_document_existe_ou_pas_value=All&field_latitude_value%5Bmax%5D=&field_latitude_value%5Bmin%5D=&field_longitude_value%5Bmax%5D=&field_longitude_value%5Bmin%5D=&field_phenomene_target_id=&field_type_de_cas_target_id=All&select-category-export=nothing2010-12-02694,GENESTON,44,,,2010-12-27,2017-08-29,B
2010-12-02695,https://geipan.fr/fr/cas/2010-12-02695?field_agregation_index_value=&field_date_d_observation_value%5Bmax%5D=1977%2F03%2F31&field_date_d_observation_value%5Bmin%5D=1977%2F03%2F01&field_departement_target_id=&field_document_existe_ou_pas_value=All&field_latitude_value%5Bmax%5D=&field_latitude_value%5Bmin%5D=&field_longitude_value%5Bmax%5D=&field_longitude_value%5Bmin%5D=&field_phenomene_target_id=&field_type_de_cas_target_id=All&select-category-export=nothing2010-12-02695,SENNEVILLE-SUR-FECAMP,76,,,2010-12-30,2014-02-11,C
2010-12-02701,https://geipan.fr/fr/cas/2010-12-02701?field_agregation_index_value=&field_date_d_observation_value%5Bmax%5D=1977%2F03%2F31&field_date_d_observation_value%5Bmin%5D=1977%2F03%2F01&field_departement_target_id=&field_document_existe_ou_pas_value=All&field_latitude_value%5Bmax%5D=&field_latitude_value%5Bmin%5D=&field_longitude_value%5Bmax%5D=&field_longitude_value%5Bmin%5D=&field_phenomene_target_id=&field_type_de_cas_target_id=All&select-category-export=nothing2010-12-02701,(DPT) HAUT-RHIN,68,,,2010-12-03,2017-12-11,A
2010-12-02703,https://geipan.fr/fr/cas/2010-12-02703?field_agregation_index_value=&field_date_d_observation_value%5Bmax%5D=1977%2F03%2F31&field_date_d_observation_value%5Bmin%5D=1977%2F03%2F01&field_departement_target_id=&field_document_existe_ou_pas_value=All&field_latitude_value%5Bmax%5D=&field_latitude_value%5Bmin%5D=&field_longitude_value%5Bmax%5D=&field_longitude_value%5Bmin%5D=&field_phenomene_target_id=&field_type_de_cas_target_id=All&select-category-export=nothing2010-12-02703,PIERREVERT,04,,,2010-12-31,2011-02-02,A
2010-07-02813,https://geipan.fr/fr/cas/2010-07-02813?field_agregation_index_value=&field_date_d_observation_value%5Bmax%5D=1977%2F03%2F31&field_date_d_observation_value%5Bmin%5D=1977%2F03%2F01&field_departement_target_id=&field_document_existe_ou_pas_value=All&field_latitude_value%5Bmax%5D=&field_latitude_value%5Bmin%5D=&field_longitude_value%5Bmax%5D=&field_longitude_value%5Bmin%5D=&field_phenomene_target_id=&field_type_de_cas_target_id=All&select-category-export=nothing2010-07-02813,SAINT-POL-SUR-TERNOISE,62,,,2010-07-20,2017-12-18,B
2010-01-02550,https://geipan.fr/fr/cas/2010-01-02550?field_agregation_index_value=&field_date_d_observation_value%5Bmax%5D=1977%2F03%2F31&field_date_d_observation_value%5Bmin%5D=1977%2F03%2F01&field_departement_target_id=&field_document_existe_ou_pas_value=All&field_latitude_value%5Bmax%5D=&field_latitude_value%5Bmin%5D=&field_longitude_value%5Bmax%5D=&field_longitude_value%5Bmin%5D=&field_phenomene_target_id=&field_type_de_cas_target_id=All&select-category-export=nothing2010-01-02550,DAUSSE,47,,,2010-01-18,2017-08-31,A
2010-07-02618,https://geipan.fr/fr/cas/2010-07-02618?field_agregation_index_value=&field_date_d_observation_value%5Bmax%5D=1977%2F03%2F31&field_date_d_observation_value%5Bmin%5D=1977%2F03%2F01&field_departement_target_id=&field_document_existe_ou_pas_value=All&field_latitude_value%5Bmax%5D=&field_latitude_value%5Bmin%5D=&field_longitude_value%5Bmax%5D=&field_longitude_value%5Bmin%5D=&field_phenomene_target_id=&field_type_de_cas_target_id=All&select-category-export=nothing2010-07-02618,BARBERAZ,73,,,2010-07-08,2013-04-25,C